Country Name,Indicator Name,2013,2014,2015,2016,2017,2018,2019,2020,2021,2022
Aruba,Urban population (% of total population),42.99,43.041,43.108,43.192,43.293,43.411,43.546,43.697,43.866,44.052
Africa Eastern and Southern,Urban population (% of total population),33.4965565572998,33.9596331101231,34.4472807617476,34.9195443761507,35.3962894579202,35.8933979262181,36.384272287815,36.8840344817359,37.3936325291716,37.9090120211831
Afghanistan,Urban population (% of total population),24.373,24.587,24.803,25.02,25.25,25.495,25.754,26.026,26.314,26.616
Africa Western and Central,Urban population (% of total population),43.5879525927349,44.2182784910463,44.8490994916973,45.4738502261529,46.0941365580819,46.7097526162217,47.3226173576126,47.9310209575797,48.5319710590465,49.1298079868363
Angola,Urban population (% of total population),62.002,62.731,63.446,64.149,64.839,65.514,66.177,66.825,67.46,68.081
Albania,Urban population (% of total population),55.387,56.423,57.434,58.421,59.383,60.319,61.229,62.112,62.969,63.799
Andorra,Urban population (% of total population),88.537,88.441,88.345,88.248,88.15,88.062,87.984,87.916,87.858,87.811
Arab World,Urban population (% of total population),56.5495371540208,56.9048148917087,57.3250720145106,57.6531027450977,57.8627472124114,58.0104842292073,58.2045421060528,58.4966741305089,58.6629266021441,59.0542670171409
United Arab Emirates,Urban population (% of total population),85.066,85.375,85.674,85.965,86.248,86.522,86.789,87.048,87.299,87.543
Argentina,Urban population (% of total population),91.249,91.377,91.503,91.627,91.749,91.87,91.991,92.111,92.229,92.347
Armenia,Urban population (% of total population),63.164,63.112,63.085,63.082,63.103,63.149,63.219,63.313,63.431,63.573
American Samoa,Urban population (% of total population),87.348,87.288,87.238,87.198,87.17,87.153,87.147,87.153,87.169,87.196
Antigua and Barbuda,Urban population (% of total population),25.35,25.175,25,24.846,24.713,24.599,24.506,24.433,24.38,24.346
Australia,Urban population (% of total population),85.502,85.602,85.701,85.8,85.904,86.012,86.124,86.241,86.362,86.488
Austria,Urban population (% of total population),57.336,57.526,57.715,57.905,58.094,58.297,58.515,58.748,58.995,59.256
Azerbaijan,Urban population (% of total population),54.145,54.422,54.714,55.021,55.343,55.68,56.031,56.397,56.776,57.17
Burundi,Urban population (% of total population),11.482,11.776,12.078,12.388,12.706,13.032,13.366,13.708,14.058,14.417
Belgium,Urban population (% of total population),97.789,97.833,97.876,97.919,97.961,98.001,98.041,98.079,98.117,98.153
Benin,Urban population (% of total population),44.642,45.166,45.695,46.229,46.768,47.312,47.861,48.415,48.972,49.534
Burkina Faso,Urban population (% of total population),26.346,26.934,27.53,28.134,28.743,29.358,29.98,30.607,31.24,31.877
Bangladesh,Urban population (% of total population),32.762,33.535,34.308,35.083,35.858,36.632,37.405,38.177,38.946,39.711
Bulgaria,Urban population (% of total population),73.313,73.651,73.99,74.329,74.669,75.008,75.347,75.686,76.025,76.363
Bahrain,Urban population (% of total population),88.835,88.915,88.999,89.09,89.186,89.287,89.394,89.506,89.622,89.743
"Bahamas, The",Urban population (% of total population),82.596,82.668,82.746,82.832,82.925,83.025,83.132,83.245,83.365,83.492
Bosnia and Herzegovina,Urban population (% of total population),46.519,46.84,47.173,47.518,47.876,48.245,48.626,49.02,49.425,49.841
Belarus,Urban population (% of total population),76.199,76.693,77.181,77.661,78.134,78.595,79.044,79.483,79.91,80.326
Belize,Urban population (% of total population),45.282,45.335,45.406,45.495,45.601,45.724,45.866,46.025,46.201,46.396
Bermuda,Urban population (% of total population),100,100,100,100,100,100,100,100,100,100
Bolivia,Urban population (% of total population),67.699,68.047,68.393,68.738,69.08,69.425,69.773,70.123,70.475,70.83
Brazil,Urban population (% of total population),85.209,85.492,85.77,86.042,86.309,86.569,86.824,87.073,87.317,87.555
Barbados,Urban population (% of total population),31.429,31.328,31.249,31.193,31.159,31.147,31.158,31.191,31.246,31.324
Brunei Darussalam,Urban population (% of total population),75.997,76.332,76.663,76.99,77.312,77.629,77.942,78.25,78.554,78.854
Bhutan,Urban population (% of total population),37.149,37.918,38.678,39.428,40.167,40.895,41.612,42.316,43.008,43.686
Botswana,Urban population (% of total population),65.572,66.368,67.155,67.933,68.7,69.446,70.172,70.877,71.56,72.224
Central African Republic,Urban population (% of total population),39.663,39.959,40.277,40.618,40.98,41.364,41.77,42.198,42.648,43.12
Canada,Urban population (% of total population),81.178,81.218,81.259,81.3,81.35,81.411,81.482,81.562,81.653,81.752
Central Europe and the Baltics,Urban population (% of total population),62.0981552953108,62.1158465865466,62.1436813014963,62.1882748434431,62.2529741780182,62.3388759895791,62.4440252566921,62.5680051531236,62.7098871574195,62.8637786019282
Switzerland,Urban population (% of total population),73.674,73.696,73.718,73.739,73.761,73.797,73.849,73.915,73.996,74.092
Channel Islands,Urban population (% of total population),31.027,30.995,30.962,30.93,30.914,30.914,30.931,30.963,31.012,31.077
Chile,Urban population (% of total population),87.246,87.303,87.36,87.422,87.49,87.564,87.643,87.727,87.817,87.912
China,Urban population (% of total population),53.013,54.259,55.5,56.736,57.96,59.152,60.308,61.428,62.512,63.56
Cote d'Ivoire,Urban population (% of total population),48.593,49.014,49.444,49.881,50.326,50.779,51.239,51.706,52.18,52.661
Cameroon,Urban population (% of total population),53.373,53.976,54.578,55.179,55.777,56.374,56.968,57.56,58.148,58.733
"Congo, Dem. Rep.",Urban population (% of total population),41.627,42.18,42.74,43.307,43.88,44.46,45.046,45.638,46.235,46.837
"Congo, Rep.",Urban population (% of total population),64.627,65.085,65.543,66.001,66.459,66.916,67.373,67.829,68.283,68.736
Colombia,Urban population (% of total population),79.061,79.415,79.764,80.108,80.446,80.778,81.104,81.425,81.74,82.05
Comoros,Urban population (% of total population),28.223,28.338,28.47,28.619,28.784,28.965,29.164,29.38,29.613,29.864
Cabo Verde,Urban population (% of total population),63.317,63.81,64.3,64.784,65.261,65.732,66.195,66.652,67.102,67.545
Costa Rica,Urban population (% of total population),74.97,75.941,76.862,77.735,78.56,79.34,80.076,80.771,81.425,82.042
Caribbean small states,Urban population (% of total population),45.979678822128,46.0395441450318,46.101781325771,46.1659213928456,46.2373572113306,46.2088839898113,46.242044728917,46.3863382703163,46.4808018626376,46.6086762119173
Cuba,Urban population (% of total population),76.827,76.861,76.896,76.93,76.977,77.037,77.109,77.194,77.292,77.401
Curacao,Urban population (% of total population),89.544,89.443,89.352,89.272,89.203,89.145,89.098,89.062,89.038,89.025
Cayman Islands,Urban population (% of total population),100,100,100,100,100,100,100,100,100,100
Cyprus,Urban population (% of total population),67.137,67.031,66.946,66.881,66.836,66.81,66.805,66.821,66.856,66.911
Czechia,Urban population (% of total population),73.29,73.384,73.477,73.57,73.675,73.792,73.921,74.061,74.214,74.377
Germany,Urban population (% of total population),77.18,77.19,77.2,77.224,77.261,77.312,77.376,77.453,77.544,77.648
Djibouti,Urban population (% of total population),77.222,77.314,77.417,77.528,77.648,77.777,77.915,78.062,78.217,78.38
Dominica,Urban population (% of total population),68.982,69.28,69.579,69.88,70.181,70.483,70.786,71.09,71.395,71.7
Denmark,Urban population (% of total population),87.292,87.41,87.526,87.642,87.757,87.874,87.994,88.116,88.24,88.367
Dominican Republic,Urban population (% of total population),76.749,77.67,78.566,79.436,80.277,81.074,81.828,82.54,83.213,83.848
Algeria,Urban population (% of total population),69.576,70.221,70.848,71.459,72.052,72.629,73.189,73.733,74.261,74.772
East Asia & Pacific (excluding high income),Urban population (% of total population),50.6939122439899,51.6973010333851,52.695650436027,53.6897778094006,54.6759933117768,55.6392400876998,56.5760210675401,57.4845396808942,58.3655369003636,59.2214841637791
Early-demographic dividend,Urban population (% of total population),43.015949236188,43.4013542045574,43.8136019607097,44.2160174055837,44.6014670203505,44.9830331970367,45.3762640144949,45.7878149257313,46.185409692723,46.6251546023672
East Asia & Pacific,Urban population (% of total population),54.6496650596793,55.5360592269389,56.4205224809368,57.3027481588233,58.1765611121294,59.0346049837374,59.8725583443197,60.6822345154889,61.4594002340012,62.2257323013253
Europe & Central Asia (excluding high income),Urban population (% of total population),62.1908384208987,62.4124062868629,62.6317844561669,62.8526182504972,63.072832038895,63.3012882559489,63.5381111841023,63.7630363446656,63.9918896398853,64.1696236457986
Europe & Central Asia,Urban population (% of total population),71.2719146004369,71.4419389968593,71.6192623024742,71.801745874667,71.9882838029518,72.1818246275918,72.3830940725787,72.5854745019038,72.8021870551272,73.0427838423205
Ecuador,Urban population (% of total population),63.125,63.261,63.398,63.534,63.67,63.821,63.986,64.166,64.361,64.57
"Egypt, Arab Rep.",Urban population (% of total population),42.893,42.839,42.785,42.732,42.705,42.704,42.73,42.783,42.862,42.967
Euro area,Urban population (% of total population),75.677412949049,75.8790748769607,76.0938455855491,76.3109869847735,76.5330323551854,76.7602257724378,77.0019990002021,77.237576107379,77.4745788094599,77.7142540022899
Eritrea,Urban population (% of total population),36.979,37.59,38.206,38.827,39.451,40.08,40.712,41.347,41.985,42.625
Spain,Urban population (% of total population),79.133,79.366,79.602,79.84,80.08,80.321,80.565,80.81,81.056,81.304
Estonia,Urban population (% of total population),68.122,68.269,68.416,68.563,68.717,68.88,69.051,69.229,69.415,69.609
Ethiopia,Urban population (% of total population),18.575,18.998,19.428,19.866,20.31,20.763,21.225,21.695,22.174,22.661
European Union,Urban population (% of total population),73.539694393732,73.718578227178,73.9093394545118,74.1066695879016,74.3095469608047,74.5199347694147,74.7420903789598,74.9649568681208,75.2220512156265,75.4630131264519
Fragile and conflict affected situations,Urban population (% of total population),41.0947458588812,41.4493013991037,41.8328369417415,42.2140242756675,42.5843185313941,42.927213828579,43.2680779543801,43.6394229966267,44.0421070914078,44.401646495307
Finland,Urban population (% of total population),85.125,85.175,85.225,85.275,85.325,85.382,85.446,85.517,85.596,85.681
Fiji,Urban population (% of total population),53.706,54.216,54.726,55.235,55.742,56.248,56.75,57.247,57.74,58.229
France,Urban population (% of total population),79.135,79.394,79.655,79.917,80.18,80.444,80.709,80.975,81.242,81.509
Faroe Islands,Urban population (% of total population),41.363,41.501,41.638,41.777,41.914,42.064,42.225,42.398,42.583,42.779
"Micronesia, Fed. Sts.",Urban population (% of total population),22.355,22.399,22.456,22.526,22.608,22.703,22.812,22.933,23.068,23.217
Gabon,Urban population (% of total population),87.156,87.651,88.118,88.559,88.976,89.37,89.741,90.092,90.423,90.735
United Kingdom,Urban population (% of total population),82.102,82.365,82.626,82.886,83.143,83.398,83.652,83.903,84.152,84.398
Georgia,Urban population (% of total population),56.685,57.067,57.448,57.837,58.231,58.632,59.039,59.453,59.872,60.297
Ghana,Urban population (% of total population),52.748,53.419,54.086,54.749,55.407,56.06,56.707,57.349,57.985,58.615
Gibraltar,Urban population (% of total population),100,100,100,100,100,100,100,100,100,100
Guinea,Urban population (% of total population),34.545,34.836,35.141,35.46,35.793,36.14,36.5,36.875,37.264,37.668
"Gambia, The",Urban population (% of total population),57.82,58.528,59.228,59.918,60.599,61.27,61.931,62.582,63.222,63.852
Guinea-Bissau,Urban population (% of total population),41.31,41.715,42.123,42.533,42.945,43.36,43.777,44.196,44.617,45.041
Equatorial Guinea,Urban population (% of total population),69.544,70.083,70.616,71.138,71.646,72.143,72.627,73.1,73.561,74.01
Greece,Urban population (% of total population),77.355,77.702,78.046,78.387,78.724,79.058,79.388,79.715,80.038,80.357
Grenada,Urban population (% of total population),35.896,35.938,35.997,36.072,36.164,36.272,36.396,36.537,36.694,36.868
Greenland,Urban population (% of total population),85.551,85.813,86.071,86.326,86.574,86.816,87.052,87.282,87.507,87.727
Guatemala,Urban population (% of total population),49.311,49.634,49.971,50.319,50.68,51.054,51.439,51.836,52.245,52.666
Guam,Urban population (% of total population),94.364,94.449,94.534,94.617,94.699,94.78,94.859,94.938,95.015,95.091
Guyana,Urban population (% of total population),26.4,26.414,26.441,26.482,26.538,26.606,26.689,26.786,26.897,27.022
High income,Urban population (% of total population),79.2793264482919,79.4448156633515,79.619215564858,79.797022565174,79.975248074249,80.1536610685452,80.34306724,80.5376121587155,80.7289731442237,80.9370089189055
"Hong Kong SAR, China",Urban population (% of total population),100,100,100,100,100,100,100,100,100,100
Honduras,Urban population (% of total population),53.858,54.514,55.165,55.813,56.457,57.096,57.73,58.359,58.982,59.6
Heavily indebted poor countries (HIPC),Urban population (% of total population),33.7920341062954,34.2342020425185,34.6901904052385,35.1570287833477,35.6246731078244,36.0931323349764,36.5663214736184,37.0465389661088,37.5368693810027,38.0398695478936
Croatia,Urban population (% of total population),55.706,55.923,56.155,56.403,56.667,56.947,57.242,57.553,57.878,58.219
Haiti,Urban population (% of total population),50.46,51.444,52.427,53.396,54.346,55.278,56.192,57.088,57.964,58.82
Hungary,Urban population (% of total population),69.953,70.227,70.5,70.779,71.062,71.351,71.644,71.942,72.245,72.552
IBRD only,Urban population (% of total population),52.0048682354504,52.6291788164324,53.2501093941016,53.8640328456027,54.4741980035345,55.0784159525631,55.6744652050534,56.2590499533727,56.8383385861658,57.4058665531603
IDA & IBRD total,Urban population (% of total population),47.6052469706067,48.1472390013645,48.6933602687895,49.2345477182403,49.7724420267884,50.3022608417101,50.8224594348819,51.3304849839119,51.8314960031235,52.3267936656641
IDA total,Urban population (% of total population),34.48626328,34.9204619898463,35.3930381647771,35.8790773172789,36.3729490402555,36.8687600283367,37.3669945784169,37.8684932790367,38.3770927534876,38.9024403014797
IDA blend,Urban population (% of total population),39.8261387487788,40.2915667694844,40.7619588553386,41.2338722906107,41.7035957694469,42.1758519476534,42.6518715328594,43.1307615095308,43.6139565169933,44.1068335907459
Indonesia,Urban population (% of total population),51.955,52.635,53.313,53.989,54.659,55.325,55.985,56.641,57.29,57.934
IDA only,Urban population (% of total population),31.751090582743,32.1706425127978,32.6489271451353,33.1507813516416,33.6657318054966,34.1820473721284,34.7015325402987,35.2236572622926,35.7521641650507,36.3007820768614
Isle of Man,Urban population (% of total population),52.096,52.162,52.245,52.343,52.458,52.588,52.735,52.898,53.076,53.271
India,Urban population (% of total population),32.003,32.384,32.777,33.182,33.6,34.03,34.472,34.926,35.393,35.872
Not classified,Urban population (% of total population),,,,,,,,,,
Ireland,Urban population (% of total population),62.141,62.34,62.538,62.737,62.947,63.17,63.405,63.653,63.912,64.183
"Iran, Islamic Rep.",Urban population (% of total population),72.295,72.83,73.358,73.88,74.394,74.898,75.391,75.874,76.345,76.807
Iraq,Urban population (% of total population),69.595,69.758,69.921,70.094,70.278,70.473,70.678,70.893,71.119,71.354
Iceland,Urban population (% of total population),93.633,93.667,93.7,93.735,93.773,93.813,93.855,93.898,93.944,93.992
Israel,Urban population (% of total population),92.031,92.104,92.179,92.256,92.336,92.418,92.501,92.587,92.674,92.763
Italy,Urban population (% of total population),68.979,69.272,69.565,69.855,70.144,70.438,70.736,71.039,71.346,71.657
Jamaica,Urban population (% of total population),54.35,54.584,54.833,55.098,55.378,55.674,55.985,56.311,56.652,57.008
Jordan,Urban population (% of total population),89.125,90,90.256,90.506,90.747,90.979,91.203,91.418,91.626,91.827
Japan,Urban population (% of total population),91.226,91.304,91.381,91.457,91.535,91.616,91.698,91.782,91.867,91.955
Kazakhstan,Urban population (% of total population),57.046,57.118,57.191,57.264,57.336,57.428,57.54,57.671,57.821,57.99
Kenya,Urban population (% of total population),24.794,25.221,25.658,26.105,26.562,27.03,27.507,27.995,28.493,29.002
Kyrgyz Republic,Urban population (% of total population),35.517,35.635,35.777,35.944,36.135,36.351,36.591,36.856,37.146,37.461
Cambodia,Urban population (% of total population),21.415,21.799,22.188,22.582,22.98,23.388,23.805,24.232,24.668,25.114
Kiribati,Urban population (% of total population),49.927,50.773,51.619,52.45,53.262,54.057,54.835,55.594,56.335,57.058
St. Kitts and Nevis,Urban population (% of total population),30.964,30.885,30.827,30.79,30.773,30.776,30.799,30.843,30.906,30.991
"Korea, Rep.",Urban population (% of total population),81.779,81.707,81.634,81.562,81.503,81.459,81.43,81.414,81.414,81.427
Kuwait,Urban population (% of total population),100,100,100,100,100,100,100,100,100,100
Latin America & Caribbean (excluding high income),Urban population (% of total population),78.698729246188,78.9861019691122,79.2708600635187,79.5504320500921,79.8252752102634,80.0961882807648,80.3648674832171,80.6312118952612,80.894048544763,81.1519838581035
Lao PDR,Urban population (% of total population),31.872,32.487,33.108,33.736,34.368,35.004,35.645,36.29,36.939,37.592
Lebanon,Urban population (% of total population),87.79,87.947,88.106,88.266,88.429,88.593,88.758,88.925,89.093,89.262
Liberia,Urban population (% of total population),48.985,49.397,49.82,50.254,50.697,51.151,51.615,52.089,52.573,53.065
Libya,Urban population (% of total population),78.756,79.009,79.27,79.54,79.817,80.102,80.393,80.691,80.994,81.302
St. Lucia,Urban population (% of total population),18.461,18.482,18.515,18.558,18.612,18.678,18.754,18.841,18.94,19.05
Latin America & Caribbean,Urban population (% of total population),79.3620298704745,79.6224551556973,79.8805912794445,80.1333648585001,80.3783716386719,80.6118837550519,80.8467032364303,81.0877962869629,81.3272277367298,81.5649149138088
Least developed countries: UN classification,Urban population (% of total population),30.9924289912579,31.5100998139128,32.0367971381432,32.5762833143075,33.1242640987107,33.6667279661463,34.2024920969838,34.7409228785313,35.2890728691293,35.8497135775292
Low income,Urban population (% of total population),30.8681119548453,31.1266411299552,31.4889228721831,31.8946434444931,32.3234211203909,32.7569869104427,33.2014019576595,33.6550085446563,34.1217960911553,34.6092143763472
Liechtenstein,Urban population (% of total population),14.334,14.313,14.303,14.303,14.315,14.338,14.371,14.416,14.471,14.538
Sri Lanka,Urban population (% of total population),18.198,18.218,18.256,18.311,18.384,18.476,18.585,18.713,18.86,19.026
Lower middle income,Urban population (% of total population),36.1424626474899,36.6102745312354,37.0725141565864,37.5295181392786,37.9908696780081,38.461894246904,38.9406654635585,39.4285681450683,39.9285890991423,40.4418199870875
Low & middle income,Urban population (% of total population),46.592267033194,47.1630136742115,47.7369918134785,48.3053994463197,48.8716647296853,49.4321067332779,49.9819801481681,50.517015642187,51.0438706627221,51.561699286564
Lesotho,Urban population (% of total population),26.101,26.502,26.908,27.317,27.73,28.153,28.585,29.028,29.48,29.943
Late-demographic dividend,Urban population (% of total population),57.969171444338,58.8679956988786,59.7592391927949,60.6435202079322,61.5185818454451,62.3760863822195,63.2167102592501,64.0323101269434,64.8181783125505,65.6035531412067
Lithuania,Urban population (% of total population),66.986,67.108,67.23,67.366,67.516,67.679,67.855,68.046,68.249,68.465
Luxembourg,Urban population (% of total population),89.574,89.884,90.179,90.46,90.727,90.981,91.223,91.453,91.672,91.881
Latvia,Urban population (% of total population),67.925,67.952,67.98,68.021,68.075,68.142,68.222,68.315,68.421,68.54
"Macao SAR, China",Urban population (% of total population),100,100,100,100,100,100,100,100,100,100
St. Martin (French part),Urban population (% of total population),,,,,,,,,,
Morocco,Urban population (% of total population),59.7,60.256,60.809,61.36,61.908,62.453,62.994,63.532,64.065,64.596
Monaco,Urban population (% of total population),100,100,100,100,100,100,100,100,100,100
Moldova,Urban population (% of total population),42.527,42.496,42.49,42.511,42.557,42.629,42.726,42.849,42.998,43.173
Madagascar,Urban population (% of total population),33.878,34.534,35.193,35.856,36.522,37.191,37.861,38.534,39.207,39.882
Maldives,Urban population (% of total population),37.685,38.106,38.529,38.954,39.38,39.808,40.238,40.669,41.102,41.536
Middle East & North Africa,Urban population (% of total population),62.8385958503616,63.2244808311069,63.6691574442024,64.0371472579972,64.3220310512805,64.55446322,64.8008224620336,65.1071327675888,65.3260608770273,65.7094376535395
Mexico,Urban population (% of total population),78.699,78.993,79.285,79.577,79.867,80.156,80.444,80.731,81.016,81.3
Marshall Islands,Urban population (% of total population),74.946,75.384,75.811,76.228,76.634,77.031,77.417,77.794,78.162,78.52
Middle income,Urban population (% of total population),48.2562138548729,48.8808800563994,49.5004716523456,50.1128173463226,50.7230712784509,51.3295876222864,51.9264017475263,52.5074826214954,53.0789345456206,53.639041624375
North Macedonia,Urban population (% of total population),57.189,57.284,57.408,57.563,57.748,57.963,58.208,58.482,58.786,59.118
Mali,Urban population (% of total population),38.398,39.196,39.991,40.783,41.572,42.356,43.136,43.909,44.677,45.437
Malta,Urban population (% of total population),94.279,94.347,94.414,94.48,94.546,94.612,94.678,94.744,94.81,94.875
Myanmar,Urban population (% of total population),29.457,29.65,29.858,30.082,30.322,30.579,30.852,31.141,31.448,31.771
Middle East & North Africa (excluding high income),Urban population (% of total population),59.4299357247051,59.7781480716384,60.1498605319117,60.4624016050893,60.7532932410137,61.042829125234,61.3259449166162,61.6169774878801,61.9305642241957,62.2538891552959
Montenegro,Urban population (% of total population),65.137,65.471,65.806,66.141,66.477,66.813,67.15,67.488,67.826,68.164
Mongolia,Urban population (% of total population),68.097,68.163,68.23,68.297,68.363,68.445,68.543,68.657,68.785,68.93
Northern Mariana Islands,Urban population (% of total population),91.19,91.273,91.357,91.443,91.53,91.618,91.708,91.798,91.89,91.983
Mozambique,Urban population (% of total population),33.36,33.878,34.4,34.926,35.455,35.988,36.528,37.074,37.628,38.187
Mauritania,Urban population (% of total population),49.306,50.203,51.089,51.962,52.824,53.672,54.507,55.327,56.133,56.923
Mauritius,Urban population (% of total population),41.222,41.111,41,40.91,40.841,40.793,40.766,40.76,40.775,40.81
Malawi,Urban population (% of total population),15.966,16.132,16.313,16.506,16.714,16.937,17.174,17.427,17.695,17.98
Malaysia,Urban population (% of total population),72.93,73.577,74.213,74.84,75.447,76.036,76.607,77.16,77.696,78.214
North America,Urban population (% of total population),81.2902987944492,81.4597899572714,81.6330006810751,81.8087121889987,81.9896254023071,82.1730443693373,82.3616569765401,82.5536395273228,82.7500217936735,82.9476182954817
Namibia,Urban population (% of total population),44.756,45.826,46.9,47.961,49.005,50.032,51.042,52.033,53.005,53.956
New Caledonia,Urban population (% of total population),68.479,68.931,69.379,69.821,70.256,70.683,71.104,71.518,71.925,72.325
Niger,Urban population (% of total population),16.208,16.219,16.247,16.29,16.35,16.425,16.517,16.626,16.751,16.894
Nigeria,Urban population (% of total population),46.118,46.982,47.838,48.683,49.519,50.344,51.157,51.958,52.746,53.521
Nicaragua,Urban population (% of total population),57.505,57.7,57.895,58.09,58.299,58.522,58.76,59.012,59.277,59.556
Netherlands,Urban population (% of total population),89.187,89.69,90.173,90.635,91.077,91.49,91.876,92.236,92.572,92.886
Norway,Urban population (% of total population),80.286,80.692,81.091,81.485,81.871,82.248,82.616,82.974,83.323,83.664
Nepal,Urban population (% of total population),17.815,18.182,18.557,18.942,19.336,19.74,20.153,20.576,21.008,21.451
Nauru,Urban population (% of total population),100,100,100,100,100,100,100,100,100,100
New Zealand,Urban population (% of total population),86.221,86.281,86.341,86.4,86.466,86.538,86.615,86.699,86.789,86.884
OECD members,Urban population (% of total population),79.6005559871544,79.7942250598886,79.9919494376222,80.1923628914604,80.3961340874754,80.6019181329692,80.8141916819244,81.0278449440668,81.2518798971512,81.4655404229474
Oman,Urban population (% of total population),78.882,80.145,81.35,82.5,83.56,84.539,85.443,86.276,87.044,87.75
Other small states,Urban population (% of total population),57.0325374039363,57.318503825096,57.5999492303947,57.8807802538829,58.2328276464147,58.426508537666,58.5800145776991,58.7248665852546,58.9480024878216,59.2209296452497
Pakistan,Urban population (% of total population),35.613,35.819,36.026,36.234,36.442,36.666,36.907,37.165,37.44,37.731
Panama,Urban population (% of total population),66.052,66.371,66.696,67.027,67.365,67.709,68.059,68.414,68.775,69.141
Peru,Urban population (% of total population),76.989,77.173,77.357,77.539,77.72,77.907,78.099,78.297,78.5,78.708
Philippines,Urban population (% of total population),45.903,46.093,46.284,46.475,46.682,46.907,47.149,47.408,47.684,47.977
Palau,Urban population (% of total population),76.862,77.517,78.159,78.775,79.365,79.93,80.47,80.988,81.483,81.956
Papua New Guinea,Urban population (% of total population),12.978,12.988,13.012,13.05,13.102,13.169,13.25,13.345,13.456,13.582
Poland,Urban population (% of total population),60.529,60.403,60.278,60.178,60.105,60.058,60.037,60.043,60.075,60.134
Pre-demographic dividend,Urban population (% of total population),38.6701372020105,39.2226003545783,39.7771089025231,40.3354760263504,40.8948351996284,41.4439041161344,41.9842362316093,42.5266498156658,43.0789350226666,43.6418701367517
Puerto Rico,Urban population (% of total population),93.686,93.651,93.624,93.602,93.587,93.578,93.576,93.581,93.592,93.61
"Korea, Dem. People's Rep.",Urban population (% of total population),60.918,61.098,61.277,61.471,61.678,61.899,62.134,62.381,62.642,62.916
Portugal,Urban population (% of total population),62.352,62.936,63.514,64.086,64.652,65.211,65.764,66.31,66.849,67.381
Paraguay,Urban population (% of total population),60.197,60.474,60.75,61.026,61.3,61.585,61.879,62.183,62.496,62.818
West Bank and Gaza,Urban population (% of total population),74.863,75.113,75.368,75.628,75.894,76.164,76.44,76.719,77.003,77.291
Pacific island small states,Urban population (% of total population),37.5825207998049,37.7632566682875,37.9418362727715,38.1171567107677,38.279362098949,38.4317318565749,38.6080266824363,38.8185116377361,39.0380810941031,39.2714686784769
Post-demographic dividend,Urban population (% of total population),80.3973403223975,80.5651209310101,80.7392495943734,80.9153468063441,81.0949533599484,81.2782187539067,81.4712218561708,81.6607731908361,81.8469066551352,82.0723704214856
French Polynesia,Urban population (% of total population),61.583,61.633,61.683,61.734,61.784,61.834,61.897,61.975,62.066,62.17
Qatar,Urban population (% of total population),98.785,98.868,98.945,99.015,99.078,99.135,99.188,99.235,99.278,99.318
Romania,Urban population (% of total population),53.937,53.9,53.887,53.9,53.936,53.998,54.084,54.194,54.329,54.489
Russian Federation,Urban population (% of total population),73.863,73.95,74.05,74.164,74.292,74.433,74.587,74.754,74.934,75.126
Rwanda,Urban population (% of total population),16.947,16.967,17.004,17.056,17.125,17.211,17.313,17.432,17.568,17.721
South Asia,Urban population (% of total population),31.9857365713043,32.3733673194552,32.7696725975505,33.1754175262087,33.5915458577978,34.0190466389173,34.4563593747757,34.9031103407352,35.3623290791175,35.8381508036908
Saudi Arabia,Urban population (% of total population),82.74,82.96,83.18,83.401,83.622,83.844,84.065,84.287,84.508,84.729
Sudan,Urban population (% of total population),33.507,33.689,33.894,34.121,34.37,34.642,34.936,35.253,35.593,35.956
Senegal,Urban population (% of total population),45.019,45.436,45.862,46.296,46.74,47.192,47.653,48.122,48.6,49.086
Singapore,Urban population (% of total population),100,100,100,100,100,100,100,100,100,100
Solomon Islands,Urban population (% of total population),21.433,21.896,22.36,22.823,23.286,23.749,24.21,24.67,25.128,25.584
Sierra Leone,Urban population (% of total population),40.036,40.432,40.829,41.228,41.636,42.055,42.484,42.923,43.372,43.831
El Salvador,Urban population (% of total population),68.036,68.874,69.7,70.501,71.275,72.023,72.746,73.444,74.118,74.767
San Marino,Urban population (% of total population),96.37,96.559,96.739,96.91,97.072,97.226,97.368,97.499,97.62,97.732
Somalia,Urban population (% of total population),42.117,42.679,43.245,43.816,44.391,44.971,45.554,46.141,46.731,47.324
Serbia,Urban population (% of total population),55.469,55.583,55.696,55.81,55.942,56.092,56.26,56.446,56.651,56.873
Sub-Saharan Africa (excluding high income),Urban population (% of total population),37.6098594085351,38.141810182227,38.6879285067328,39.2232301895469,39.7581495526378,40.2983875109116,40.8315569683194,41.3672671092139,41.9063131811326,42.4478415997651
South Sudan,Urban population (% of total population),18.415,18.626,18.852,19.092,19.346,19.615,19.899,20.199,20.514,20.846
Sub-Saharan Africa,Urban population (% of total population),37.6114270854122,38.1433506383947,38.6894512800178,39.2247236714653,39.7596127978553,40.2998165075392,40.8329525970643,41.3686297861541,41.9076431495083,42.4493969365686
Small states,Urban population (% of total population),52.6711442038184,52.9162736518593,53.1586988392447,53.3998020952066,53.6985827385128,53.8454781660129,53.9794629614373,54.1354357280538,54.3435493901779,54.598044210896
Sao Tome and Principe,Urban population (% of total population),68.208,69.213,70.174,71.092,71.968,72.803,73.598,74.354,75.073,75.755
Suriname,Urban population (% of total population),66.14,66.089,66.056,66.04,66.041,66.06,66.095,66.149,66.219,66.307
Slovak Republic,Urban population (% of total population),54.14,54,53.889,53.806,53.751,53.726,53.729,53.76,53.82,53.909
Slovenia,Urban population (% of total population),53.332,53.557,53.781,54.02,54.273,54.541,54.822,55.118,55.427,55.751
Sweden,Urban population (% of total population),85.936,86.247,86.553,86.852,87.146,87.431,87.708,87.977,88.238,88.492
Eswatini,Urban population (% of total population),22.999,23.149,23.3,23.459,23.625,23.799,23.981,24.171,24.369,24.576
Sint Maarten (Dutch part),Urban population (% of total population),100,100,100,100,100,100,100,100,100,100
Seychelles,Urban population (% of total population),54.537,54.969,55.4,55.831,56.261,56.691,57.119,57.546,57.972,58.396
Syrian Arab Republic,Urban population (% of total population),52.529,51.5,52.168,52.835,53.5,54.162,54.821,55.475,56.124,56.769
Turks and Caicos Islands,Urban population (% of total population),91.483,91.851,92.195,92.517,92.817,93.098,93.36,93.605,93.834,94.047
Chad,Urban population (% of total population),22.248,22.372,22.515,22.677,22.858,23.059,23.279,23.52,23.781,24.063
East Asia & Pacific (IDA & IBRD countries),Urban population (% of total population),50.5648235001956,51.5790439600646,52.5880415202358,53.5925053714925,54.5887621075747,55.5614585448153,56.5071002716161,57.4239114272433,58.3126038346384,59.1757435746239
Europe & Central Asia (IDA & IBRD countries),Urban population (% of total population),65.5511441522544,65.6848478570476,65.8238164491017,65.9715013887856,66.1262857786557,66.2902436636356,66.4647349253881,66.6397929449162,66.8343989643731,67.0094200484665
Togo,Urban population (% of total population),39.061,39.579,40.1,40.628,41.162,41.702,42.248,42.8,43.358,43.921
Thailand,Urban population (% of total population),46.193,46.943,47.694,48.448,49.2,49.949,50.692,51.43,52.163,52.889
Tajikistan,Urban population (% of total population),26.589,26.655,26.742,26.851,26.982,27.134,27.309,27.506,27.726,27.968
Turkmenistan,Urban population (% of total population),49.541,49.921,50.317,50.728,51.153,51.593,52.048,52.516,52.998,53.494
Latin America & the Caribbean (IDA & IBRD countries),Urban population (% of total population),79.3201089434569,79.5886292750419,79.854596104089,80.1148117407705,80.3667891384065,80.607740795928,80.8468332516826,81.0901657049533,81.3334320955924,81.5750058081646
Timor-Leste,Urban population (% of total population),28.779,29.133,29.49,29.85,30.212,30.578,30.947,31.32,31.695,32.074
Middle East & North Africa (IDA & IBRD countries),Urban population (% of total population),59.2582111280228,59.6067237515689,59.9788349906392,60.2911027607291,60.5818202217676,60.8701933481656,61.1520183438177,61.4416174784451,61.7539270778853,62.0763518879722
Tonga,Urban population (% of total population),23.382,23.328,23.275,23.222,23.169,23.131,23.107,23.099,23.104,23.125
South Asia (IDA & IBRD),Urban population (% of total population),31.9857365713043,32.3733673194552,32.7696725975505,33.1754175262087,33.5915458577978,34.0190466389173,34.4563593747757,34.9031103407352,35.3623290791175,35.8381508036908
Sub-Saharan Africa (IDA & IBRD countries),Urban population (% of total population),37.6114270854122,38.1433506383947,38.6894512800178,39.2247236714653,39.7596127978553,40.2998165075392,40.8329525970643,41.3686297861541,41.9076431495083,42.4493969365686
Trinidad and Tobago,Urban population (% of total population),53.53,53.413,53.319,53.25,53.205,53.184,53.187,53.214,53.265,53.34
Tunisia,Urban population (% of total population),67.495,67.772,68.056,68.346,68.642,68.945,69.254,69.568,69.888,70.214
Turkiye,Urban population (% of total population),72.531,73.077,73.611,74.134,74.644,75.143,75.63,76.105,76.569,77.022
Tuvalu,Urban population (% of total population),57.814,58.786,59.73,60.645,61.53,62.387,63.215,64.014,64.785,65.527
Tanzania,Urban population (% of total population),30.196,30.904,31.617,32.333,33.053,33.776,34.5,35.227,35.954,36.682
Uganda,Urban population (% of total population),20.958,21.504,22.06,22.624,23.196,23.774,24.361,24.954,25.553,26.159
Ukraine,Urban population (% of total population),68.875,68.968,69.061,69.154,69.246,69.352,69.473,69.608,69.757,69.919
Upper middle income,Urban population (% of total population),60.5130678505171,61.386413268932,62.2543271537588,63.1156515243181,63.9664218470281,64.8034038660097,65.620088896529,66.4112023003726,67.1797095022172,67.9277384072416
Uruguay,Urban population (% of total population),94.843,94.945,95.045,95.144,95.24,95.334,95.426,95.515,95.603,95.688
United States,Urban population (% of total population),81.299,81.483,81.671,81.862,82.058,82.256,82.459,82.664,82.873,83.084
Uzbekistan,Urban population (% of total population),50.95,50.85,50.75,50.65,50.55,50.478,50.433,50.416,50.427,50.466
St. Vincent and the Grenadines,Urban population (% of total population),50.154,50.558,50.964,51.373,51.784,52.198,52.614,53.032,53.452,53.875
"Venezuela, RB",Urban population (% of total population),88.133,88.144,88.154,88.165,88.183,88.208,88.24,88.279,88.325,88.378
British Virgin Islands,Urban population (% of total population),45.856,46.216,46.583,46.957,47.337,47.723,48.116,48.515,48.92,49.331
Virgin Islands (U.S.),Urban population (% of total population),95.07,95.213,95.35,95.48,95.603,95.721,95.832,95.939,96.04,96.136
Viet Nam,Urban population (% of total population),32.429,33.115,33.809,34.51,35.213,35.919,36.628,37.34,38.052,38.766
Vanuatu,Urban population (% of total population),24.761,24.861,24.961,25.062,25.163,25.274,25.394,25.525,25.665,25.816
World,Urban population (% of total population),52.8149548907047,53.2699321112133,53.7347523090182,54.1955308962525,54.6466891474647,55.0885486295672,55.5262096579262,55.9646587391325,56.3761507680012,56.8142984366277
Samoa,Urban population (% of total population),19.385,19.149,18.914,18.681,18.452,18.243,18.056,17.889,17.742,17.616
Kosovo,Urban population (% of total population),,,,,,,,,,
"Yemen, Rep.",Urban population (% of total population),33.559,34.165,34.777,35.394,36.016,36.642,37.273,37.908,38.546,39.188
South Africa,Urban population (% of total population),63.793,64.312,64.828,65.341,65.85,66.355,66.856,67.354,67.847,68.335
Zambia,Urban population (% of total population),40.865,41.382,41.907,42.438,42.976,43.521,44.072,44.629,45.192,45.761
Zimbabwe,Urban population (% of total population),32.654,32.504,32.385,32.296,32.237,32.209,32.21,32.242,32.303,32.395
